-- phpMyAdmin SQL Dump
-- version 4.6.5.2
-- https://www.phpmyadmin.net/
--
-- Host: 127.0.0.1
-- Generation Time: Sep 20, 2017 at 01:30 PM
-- Server version: 10.1.21-MariaDB
-- PHP Version: 5.6.30

SET SQL_MODE = "NO_AUTO_VALUE_ON_ZERO";
SET time_zone = "+00:00";


/*!40101 SET @OLD_CHARACTER_SET_CLIENT=@@CHARACTER_SET_CLIENT */;
/*!40101 SET @OLD_CHARACTER_SET_RESULTS=@@CHARACTER_SET_RESULTS */;
/*!40101 SET @OLD_COLLATION_CONNECTION=@@COLLATION_CONNECTION */;
/*!40101 SET NAMES utf8mb4 */;

--
-- Database: `webexam`
--

-- --------------------------------------------------------

--
-- Table structure for table `choices`
--

CREATE TABLE `choices` (
  `id` int(11) NOT NULL,
  `question_id` int(11) NOT NULL,
  `choice` varchar(255) DEFAULT NULL,
  `img` tinyint(1) DEFAULT '0',
  `created` datetime DEFAULT NULL,
  `modified` datetime DEFAULT NULL
) ENGINE=InnoDB DEFAULT CHARSET=latin1;

--
-- Dumping data for table `choices`
--

INSERT INTO `choices` (`id`, `question_id`, `choice`, `img`, `created`, `modified`) VALUES
(52, 58, 'das', 0, '2017-08-29 14:02:52', '2017-08-29 15:17:59'),
(53, 58, 'ssadffds', 0, '2017-08-29 14:02:52', '2017-08-29 15:17:59'),
(54, 59, 'eqwee', 0, '2017-08-29 14:04:28', '2017-09-13 17:00:14'),
(55, 59, 'wqee', 0, '2017-08-29 14:04:28', '2017-09-13 17:00:14'),
(56, 59, 'ee', 0, '2017-08-29 14:04:28', '2017-09-13 17:00:14'),
(57, 60, 'eqq', 0, '2017-08-29 15:09:26', '2017-08-29 15:18:06'),
(58, 60, 'wqeeqw', 0, '2017-08-29 15:09:26', '2017-08-29 15:18:06'),
(59, 60, 'qqeee', 0, '2017-08-29 15:09:26', '2017-08-29 15:18:07'),
(60, 60, 'aads', 0, '2017-08-29 15:09:26', '2017-08-29 15:18:07'),
(61, 61, 'true', 0, '2017-08-29 15:16:47', '2017-09-01 07:22:30'),
(62, 61, 'false', 0, '2017-08-29 15:16:47', '2017-09-01 07:22:30'),
(63, 62, 'true', 0, '2017-09-01 07:25:51', '2017-09-01 07:26:05'),
(64, 62, 'false', 0, '2017-09-01 07:25:51', '2017-09-01 07:26:06'),
(65, 62, 'none', 0, '2017-09-01 07:25:51', '2017-09-01 07:26:06'),
(66, 63, '1', 0, '2017-09-02 12:57:40', '2017-09-02 12:57:40'),
(67, 63, '2', 0, '2017-09-02 12:57:40', '2017-09-02 12:57:40'),
(68, 63, '3', 0, '2017-09-02 12:57:40', '2017-09-02 12:57:40'),
(69, 63, '4', 0, '2017-09-02 12:57:40', '2017-09-02 12:57:40'),
(70, 63, '5', 0, '2017-09-02 12:57:40', '2017-09-02 12:57:40'),
(71, 106, '1505286622_937805.png', 1, '2017-09-13 15:10:22', '2017-09-13 15:10:22'),
(72, 106, '1505286622_676513.jpg', 1, '2017-09-13 15:10:22', '2017-09-13 15:10:22'),
(73, 106, '1505286622_741729.jpg', 1, '2017-09-13 15:10:22', '2017-09-13 15:10:22'),
(74, 107, '1505287778_654205.png', 1, '2017-09-13 15:29:38', '2017-09-13 15:29:38'),
(75, 107, '1505287778_257904.jpg', 1, '2017-09-13 15:29:39', '2017-09-13 15:29:39'),
(76, 107, '1505287778_316406.jpg', 1, '2017-09-13 15:29:39', '2017-09-13 15:29:39'),
(77, 108, '1505293435_153839.jpg', 1, '2017-09-13 15:33:16', '2017-09-13 17:28:13'),
(78, 108, '1505287996_74951.jpg', 1, '2017-09-13 15:33:16', '2017-09-13 17:28:13'),
(79, 108, '1505287996_171417.jpg', 1, '2017-09-13 15:33:16', '2017-09-13 17:28:13'),
(80, 109, '1505294017_865020.jpg', 1, '2017-09-13 17:13:38', '2017-09-13 17:36:29'),
(81, 109, '1505294017_398376.jpg', 1, '2017-09-13 17:13:38', '2017-09-13 17:36:29'),
(82, 109, '1505295389_281951.png', 1, '2017-09-13 17:13:38', '2017-09-13 17:36:29'),
(83, 110, 'course1', 0, '2017-09-15 09:54:11', '2017-09-15 09:56:14'),
(84, 110, 'course2', 0, '2017-09-15 09:54:11', '2017-09-15 09:56:14'),
(85, 110, 'course3', 0, '2017-09-15 09:54:11', '2017-09-15 09:56:14'),
(86, 110, 'course4', 0, '2017-09-15 09:54:11', '2017-09-15 09:56:14');

-- --------------------------------------------------------

--
-- Table structure for table `courselists`
--

CREATE TABLE `courselists` (
  `id` int(11) NOT NULL,
  `userdetail_id` int(11) DEFAULT NULL,
  `course_id` int(11) NOT NULL,
  `created` datetime DEFAULT NULL,
  `modified` datetime DEFAULT NULL
) ENGINE=InnoDB DEFAULT CHARSET=latin1;

--
-- Dumping data for table `courselists`
--

INSERT INTO `courselists` (`id`, `userdetail_id`, `course_id`, `created`, `modified`) VALUES
(1, 15, 2, '2017-08-28 15:57:27', '2017-08-28 15:57:27'),
(2, 15, 4, '2017-08-28 15:57:28', '2017-08-28 15:57:28'),
(3, 16, 2, '2017-08-29 15:26:39', '2017-08-29 15:26:39'),
(4, 16, 4, '2017-08-29 15:26:39', '2017-08-29 15:26:39'),
(5, 16, 5, '2017-08-29 15:26:39', '2017-08-29 15:26:39'),
(6, 16, 7, '2017-08-29 15:26:39', '2017-08-29 15:26:39'),
(7, 17, 2, '2017-09-01 07:31:56', '2017-09-01 07:31:56'),
(8, 17, 4, '2017-09-01 07:31:56', '2017-09-01 07:31:56'),
(9, 17, 5, '2017-09-01 07:31:56', '2017-09-01 07:31:56'),
(10, 17, 7, '2017-09-01 07:31:56', '2017-09-01 07:31:56'),
(11, 22, 2, '2017-09-15 09:17:30', '2017-09-15 09:17:30'),
(12, 22, 4, '2017-09-15 09:17:30', '2017-09-15 09:17:30'),
(13, 22, 5, '2017-09-15 09:17:30', '2017-09-15 09:17:30'),
(14, 22, 7, '2017-09-15 09:17:31', '2017-09-15 09:17:31'),
(15, 22, 8, '2017-09-15 09:17:31', '2017-09-15 09:17:31');

-- --------------------------------------------------------

--
-- Table structure for table `courses`
--

CREATE TABLE `courses` (
  `id` int(11) NOT NULL,
  `school_id` int(11) NOT NULL,
  `subject_id` int(11) NOT NULL,
  `course` varchar(100) NOT NULL,
  `percentage` int(3) NOT NULL,
  `created` datetime DEFAULT NULL,
  `modified` datetime DEFAULT NULL
) ENGINE=InnoDB DEFAULT CHARSET=latin1;

--
-- Dumping data for table `courses`
--

INSERT INTO `courses` (`id`, `school_id`, `subject_id`, `course`, `percentage`, `created`, `modified`) VALUES
(1, 3, 3, 'Civil Engineering', 60, '2017-05-27 13:35:33', '2017-08-28 15:47:42'),
(2, 2, 1, 'Communication & Media Studies', 60, '2017-05-27 14:21:22', '2017-08-28 15:47:59'),
(3, 1, 2, 'Bachelor of Secondary Education in Religious and Values Education', 60, '2017-05-31 18:28:47', '2017-08-28 15:48:10'),
(4, 3, 1, 'Information Technology', 50, '2017-08-28 15:48:56', '2017-08-28 15:48:56'),
(5, 1, 1, 'Communication & Media Studies', 60, '2017-08-28 17:03:59', '2017-08-28 17:03:59'),
(7, 1, 1, 'Information Technology', 50, '2017-08-28 17:45:04', '2017-08-28 17:45:04'),
(8, 2, 1, 'Information Technology', 30, '2017-09-07 16:08:52', '2017-09-07 16:08:52');

-- --------------------------------------------------------

--
-- Table structure for table `historychoices`
--

CREATE TABLE `historychoices` (
  `id` int(11) NOT NULL,
  `historyquestion_id` int(11) NOT NULL,
  `choice` varchar(255) DEFAULT NULL,
  `img` tinyint(1) DEFAULT '0',
  `created` datetime DEFAULT NULL,
  `modified` datetime DEFAULT NULL
) ENGINE=InnoDB DEFAULT CHARSET=latin1;

--
-- Dumping data for table `historychoices`
--

INSERT INTO `historychoices` (`id`, `historyquestion_id`, `choice`, `img`, `created`, `modified`) VALUES
(21, 8, 'dasdas', 0, '2017-08-29 14:02:52', '2017-08-29 14:02:52'),
(22, 8, 'dsa', 0, '2017-08-29 14:02:52', '2017-08-29 14:02:52'),
(23, 9, 'eqwe', 0, '2017-08-29 14:04:28', '2017-08-29 14:04:28'),
(24, 9, 'wqee', 0, '2017-08-29 14:04:28', '2017-08-29 14:04:28'),
(25, 9, 'ee', 0, '2017-08-29 14:04:28', '2017-08-29 14:04:28'),
(26, 10, 'das', 0, '2017-08-29 14:09:33', '2017-08-29 14:09:33'),
(27, 10, 'dsa', 0, '2017-08-29 14:09:33', '2017-08-29 14:09:33'),
(28, 11, 'das', 0, '2017-08-29 14:12:01', '2017-08-29 14:12:01'),
(29, 11, 'ssadffds', 0, '2017-08-29 14:12:01', '2017-08-29 14:12:01'),
(30, 12, 'das', 0, '2017-08-29 14:52:15', '2017-08-29 14:52:15'),
(31, 12, 'ssadffds', 0, '2017-08-29 14:52:15', '2017-08-29 14:52:15'),
(32, 13, 'eqwe', 0, '2017-08-29 14:52:52', '2017-08-29 14:52:52'),
(33, 13, 'wqee', 0, '2017-08-29 14:52:52', '2017-08-29 14:52:52'),
(34, 13, 'ee', 0, '2017-08-29 14:52:53', '2017-08-29 14:52:53'),
(35, 14, 'eqq', 0, '2017-08-29 15:09:26', '2017-08-29 15:09:26'),
(36, 14, 'wqeeqw', 0, '2017-08-29 15:09:26', '2017-08-29 15:09:26'),
(37, 14, 'qqeee', 0, '2017-08-29 15:09:26', '2017-08-29 15:09:26'),
(38, 14, 'aads', 0, '2017-08-29 15:09:26', '2017-08-29 15:09:26'),
(39, 15, 'true', 0, '2017-08-29 15:16:46', '2017-08-29 15:16:46'),
(40, 15, 'false', 0, '2017-08-29 15:16:46', '2017-08-29 15:16:46'),
(41, 16, 'das', 0, '2017-08-29 15:17:58', '2017-08-29 15:17:58'),
(42, 16, 'ssadffds', 0, '2017-08-29 15:17:58', '2017-08-29 15:17:58'),
(43, 17, 'eqwe', 0, '2017-08-29 15:18:01', '2017-08-29 15:18:01'),
(44, 17, 'wqee', 0, '2017-08-29 15:18:01', '2017-08-29 15:18:01'),
(45, 17, 'ee', 0, '2017-08-29 15:18:02', '2017-08-29 15:18:02'),
(46, 18, 'eqq', 0, '2017-08-29 15:18:04', '2017-08-29 15:18:04'),
(47, 18, 'wqeeqw', 0, '2017-08-29 15:18:05', '2017-08-29 15:18:05'),
(48, 18, 'qqeee', 0, '2017-08-29 15:18:05', '2017-08-29 15:18:05'),
(49, 18, 'aads', 0, '2017-08-29 15:18:05', '2017-08-29 15:18:05'),
(50, 19, 'true', 0, '2017-08-29 15:18:13', '2017-08-29 15:18:13'),
(51, 19, 'false', 0, '2017-08-29 15:18:13', '2017-08-29 15:18:13'),
(52, 20, 'true', 0, '2017-09-01 07:22:30', '2017-09-01 07:22:30'),
(53, 20, 'false', 0, '2017-09-01 07:22:30', '2017-09-01 07:22:30'),
(54, 21, 'true', 0, '2017-09-01 07:25:51', '2017-09-01 07:25:51'),
(55, 21, 'false', 0, '2017-09-01 07:25:51', '2017-09-01 07:25:51'),
(56, 21, 'None', 0, '2017-09-01 07:25:51', '2017-09-01 07:25:51'),
(57, 22, 'true', 0, '2017-09-01 07:26:05', '2017-09-01 07:26:05'),
(58, 22, 'false', 0, '2017-09-01 07:26:05', '2017-09-01 07:26:05'),
(59, 22, 'none', 0, '2017-09-01 07:26:05', '2017-09-01 07:26:05'),
(60, 23, '1', 0, '2017-09-02 12:57:40', '2017-09-02 12:57:40'),
(61, 23, '2', 0, '2017-09-02 12:57:40', '2017-09-02 12:57:40'),
(62, 23, '3', 0, '2017-09-02 12:57:40', '2017-09-02 12:57:40'),
(63, 23, '4', 0, '2017-09-02 12:57:40', '2017-09-02 12:57:40'),
(64, 23, '5', 0, '2017-09-02 12:57:40', '2017-09-02 12:57:40'),
(65, 24, '1505286622_937805.png', 1, '2017-09-13 15:10:22', '2017-09-13 15:10:22'),
(66, 24, '1505286622_676513.jpg', 1, '2017-09-13 15:10:22', '2017-09-13 15:10:22'),
(67, 24, '1505286622_741729.jpg', 1, '2017-09-13 15:10:22', '2017-09-13 15:10:22'),
(68, 25, '1505287778_654205.png', 1, '2017-09-13 15:29:38', '2017-09-13 15:29:38'),
(69, 25, '1505287778_257904.jpg', 1, '2017-09-13 15:29:38', '2017-09-13 15:29:38'),
(70, 25, '1505287778_316406.jpg', 1, '2017-09-13 15:29:38', '2017-09-13 15:29:38'),
(71, 26, '1505287996_933441.png', 1, '2017-09-13 15:33:16', '2017-09-13 15:33:16'),
(72, 26, '1505287996_74951.jpg', 1, '2017-09-13 15:33:16', '2017-09-13 15:33:16'),
(73, 26, '1505287996_171417.jpg', 1, '2017-09-13 15:33:16', '2017-09-13 15:33:16'),
(74, 27, 'eqwee', 0, '2017-09-13 16:59:35', '2017-09-13 16:59:35'),
(75, 27, 'wqee', 0, '2017-09-13 16:59:35', '2017-09-13 16:59:35'),
(76, 27, 'ee', 0, '2017-09-13 16:59:35', '2017-09-13 16:59:35'),
(77, 28, 'eqwee', 0, '2017-09-13 17:00:14', '2017-09-13 17:00:14'),
(78, 28, 'wqee', 0, '2017-09-13 17:00:14', '2017-09-13 17:00:14'),
(79, 28, 'ee', 0, '2017-09-13 17:00:14', '2017-09-13 17:00:14'),
(80, 29, '1505287996_933441.png', 1, '2017-09-13 17:01:55', '2017-09-13 17:01:55'),
(81, 29, '1505287996_74951.jpg', 1, '2017-09-13 17:01:56', '2017-09-13 17:01:56'),
(82, 29, '1505287996_171417.jpg', 1, '2017-09-13 17:01:56', '2017-09-13 17:01:56'),
(83, 30, '1505293435_153839.jpg', 1, '2017-09-13 17:03:55', '2017-09-13 17:03:55'),
(84, 30, '1505287996_74951.jpg', 1, '2017-09-13 17:03:55', '2017-09-13 17:03:55'),
(85, 30, '1505287996_171417.jpg', 1, '2017-09-13 17:03:55', '2017-09-13 17:03:55'),
(86, 31, '1505293435_153839.jpg', 1, '2017-09-13 17:04:12', '2017-09-13 17:04:12'),
(87, 31, '1505287996_74951.jpg', 1, '2017-09-13 17:04:12', '2017-09-13 17:04:12'),
(88, 31, '1505287996_171417.jpg', 1, '2017-09-13 17:04:12', '2017-09-13 17:04:12'),
(89, 32, '1505293435_153839.jpg', 1, '2017-09-13 17:13:00', '2017-09-13 17:13:00'),
(90, 32, '1505287996_74951.jpg', 1, '2017-09-13 17:13:00', '2017-09-13 17:13:00'),
(91, 32, '1505287996_171417.jpg', 1, '2017-09-13 17:13:00', '2017-09-13 17:13:00'),
(92, 33, '1505294017_865020.jpg', 1, '2017-09-13 17:13:38', '2017-09-13 17:13:38'),
(93, 33, '1505294017_398376.jpg', 1, '2017-09-13 17:13:38', '2017-09-13 17:13:38'),
(94, 33, '1505294017_581024.jpg', 1, '2017-09-13 17:13:38', '2017-09-13 17:13:38'),
(95, 34, '1505294017_865020.jpg', 1, '2017-09-13 17:27:49', '2017-09-13 17:27:49'),
(96, 34, '1505294017_398376.jpg', 1, '2017-09-13 17:27:49', '2017-09-13 17:27:49'),
(97, 34, '1505294017_581024.jpg', 1, '2017-09-13 17:27:49', '2017-09-13 17:27:49'),
(98, 35, '1505293435_153839.jpg', 1, '2017-09-13 17:28:13', '2017-09-13 17:28:13'),
(99, 35, '1505287996_74951.jpg', 1, '2017-09-13 17:28:13', '2017-09-13 17:28:13'),
(100, 35, '1505287996_171417.jpg', 1, '2017-09-13 17:28:13', '2017-09-13 17:28:13'),
(101, 36, '1505294017_865020.jpg', 1, '2017-09-13 17:35:50', '2017-09-13 17:35:50'),
(102, 36, '1505294017_398376.jpg', 1, '2017-09-13 17:35:50', '2017-09-13 17:35:50'),
(103, 36, '1505294017_581024.jpg', 1, '2017-09-13 17:35:50', '2017-09-13 17:35:50'),
(104, 37, '1505294017_865020.jpg', 1, '2017-09-13 17:36:10', '2017-09-13 17:36:10'),
(105, 37, '1505294017_398376.jpg', 1, '2017-09-13 17:36:10', '2017-09-13 17:36:10'),
(106, 37, '1505294017_581024.jpg', 1, '2017-09-13 17:36:10', '2017-09-13 17:36:10'),
(107, 38, '1505294017_865020.jpg', 1, '2017-09-13 17:36:10', '2017-09-13 17:36:10'),
(108, 38, '1505294017_398376.jpg', 1, '2017-09-13 17:36:10', '2017-09-13 17:36:10'),
(109, 38, '1505294017_581024.jpg', 1, '2017-09-13 17:36:10', '2017-09-13 17:36:10'),
(110, 39, '1505294017_865020.jpg', 1, '2017-09-13 17:36:29', '2017-09-13 17:36:29'),
(111, 39, '1505294017_398376.jpg', 1, '2017-09-13 17:36:29', '2017-09-13 17:36:29'),
(112, 39, '1505295389_281951.png', 1, '2017-09-13 17:36:29', '2017-09-13 17:36:29'),
(113, 40, 'course1', 0, '2017-09-15 09:54:11', '2017-09-15 09:54:11'),
(114, 40, 'course2', 0, '2017-09-15 09:54:11', '2017-09-15 09:54:11'),
(115, 40, 'course3', 0, '2017-09-15 09:54:11', '2017-09-15 09:54:11'),
(116, 40, 'course4', 0, '2017-09-15 09:54:11', '2017-09-15 09:54:11'),
(117, 41, 'course1', 0, '2017-09-15 09:54:29', '2017-09-15 09:54:29'),
(118, 41, 'course2', 0, '2017-09-15 09:54:29', '2017-09-15 09:54:29'),
(119, 41, 'course3', 0, '2017-09-15 09:54:29', '2017-09-15 09:54:29'),
(120, 41, 'course4', 0, '2017-09-15 09:54:30', '2017-09-15 09:54:30'),
(121, 42, 'course1', 0, '2017-09-15 09:56:14', '2017-09-15 09:56:14'),
(122, 42, 'course2', 0, '2017-09-15 09:56:14', '2017-09-15 09:56:14'),
(123, 42, 'course3', 0, '2017-09-15 09:56:14', '2017-09-15 09:56:14'),
(124, 42, 'course4', 0, '2017-09-15 09:56:14', '2017-09-15 09:56:14');

-- --------------------------------------------------------

--
-- Table structure for table `historyquestions`
--

CREATE TABLE `historyquestions` (
  `id` int(11) NOT NULL,
  `user_id` int(11) DEFAULT NULL,
  `question_id` int(11) NOT NULL,
  `subject_id` int(11) NOT NULL,
  `question` text NOT NULL,
  `img` text,
  `sample` tinyint(1) DEFAULT '0',
  `answer` varchar(255) NOT NULL,
  `created` datetime DEFAULT NULL,
  `modified` datetime DEFAULT NULL
) ENGINE=InnoDB DEFAULT CHARSET=latin1;

--
-- Dumping data for table `historyquestions`
--

INSERT INTO `historyquestions` (`id`, `user_id`, `question_id`, `subject_id`, `question`, `img`, `sample`, `answer`, `created`, `modified`) VALUES
(8, 20, 58, 8, 'tfdasfdas', NULL, 1, 'dasdas', '2017-08-29 14:02:51', '2017-08-29 14:02:51'),
(9, 20, 59, 1, 'dasfjks', '1503986668_479400.jpg', 1, 'eqwe', '2017-08-29 14:04:28', '2017-08-29 14:04:28'),
(10, 18, 58, 8, 'test', NULL, 1, 'dsa', '2017-08-29 14:09:33', '2017-08-29 14:09:33'),
(11, 18, 58, 8, 'tes', NULL, 1, 'das', '2017-08-29 14:12:01', '2017-08-29 14:12:01'),
(12, 18, 58, 8, 'aaaaa', '1503989534_185485.jpg', 1, 'ssadffds', '2017-08-29 14:52:14', '2017-08-29 14:52:14'),
(13, 18, 59, 1, 'hhhhhhhh', '1503989572_375946.jpg', 1, 'eqwe', '2017-08-29 14:52:52', '2017-08-29 14:52:52'),
(14, 18, 60, 8, 'eeqw', NULL, 1, 'eqq', '2017-08-29 15:09:26', '2017-08-29 15:09:26'),
(15, 18, 61, 8, 'rsafdasfdas', NULL, 1, 'false', '2017-08-29 15:16:46', '2017-08-29 15:16:46'),
(16, 18, 58, 8, 'aaaaa', NULL, 0, 'das', '2017-08-29 15:17:58', '2017-08-29 15:17:58'),
(17, 18, 59, 1, 'hhhhhhhh', NULL, 0, 'eqwe', '2017-08-29 15:18:01', '2017-08-29 15:18:01'),
(18, 18, 60, 8, 'eeqw', NULL, 0, 'eqq', '2017-08-29 15:18:04', '2017-08-29 15:18:04'),
(19, 18, 61, 8, 'rsafdasfdas', '1503991093_403411.jpg', 0, 'true', '2017-08-29 15:18:13', '2017-08-29 15:18:13'),
(20, 2, 61, 8, 'edited question', '1503991093_403411.jpg', 0, 'false', '2017-09-01 07:22:30', '2017-09-01 07:22:30'),
(21, 2, 62, 7, 'test for filipino', '1504221951_746459.png', 0, 'None', '2017-09-01 07:25:51', '2017-09-01 07:25:51'),
(22, 2, 62, 7, 'test for filipino', '1504221951_746459.png', 0, 'true', '2017-09-01 07:26:05', '2017-09-01 07:26:05'),
(23, 2, 63, 8, '5 choices test', NULL, 0, '5', '2017-09-02 12:57:40', '2017-09-02 12:57:40'),
(24, 2, 106, 8, 'test', NULL, 0, '1505286622_691253.jpg', '2017-09-13 15:10:22', '2017-09-13 15:10:22'),
(25, 2, 107, 8, 'test', NULL, 0, '1505287778_856994.jpg', '2017-09-13 15:29:38', '2017-09-13 15:29:38'),
(26, 2, 108, 8, 'tets', NULL, 0, '1505287996_74951.jpg', '2017-09-13 15:33:16', '2017-09-13 15:33:16'),
(27, 2, 59, 1, 'hhhhhhhh', NULL, 0, 'eqwee', '2017-09-13 16:59:35', '2017-09-13 16:59:35'),
(28, 2, 59, 1, 'aaaaaaaaa', NULL, 0, 'eqwee', '2017-09-13 17:00:14', '2017-09-13 17:00:14'),
(29, 2, 108, 8, 'tets', NULL, 0, '2', '2017-09-13 17:01:55', '2017-09-13 17:01:55'),
(30, 2, 108, 8, 'tets', NULL, 0, '1505293435_153839.jpg', '2017-09-13 17:03:55', '2017-09-13 17:03:55'),
(31, 2, 108, 8, 'tets', NULL, 0, '1', '2017-09-13 17:04:12', '2017-09-13 17:04:12'),
(32, 2, 108, 8, 'tets', NULL, 0, '1505293435_153839.jpg', '2017-09-13 17:13:00', '2017-09-13 17:13:00'),
(33, 2, 109, 8, 'test2', NULL, 0, '1505294017_865020.jpg', '2017-09-13 17:13:38', '2017-09-13 17:13:38'),
(34, 2, 109, 8, 'test2', NULL, 0, '1505294017_865020.jpg', '2017-09-13 17:27:49', '2017-09-13 17:27:49'),
(35, 2, 108, 8, 'tets', NULL, 0, '1505293435_153839.jpg', '2017-09-13 17:28:13', '2017-09-13 17:28:13'),
(36, 2, 109, 8, 'test2', NULL, 0, '1505294017_398376.jpg', '2017-09-13 17:35:50', '2017-09-13 17:35:50'),
(37, 2, 109, 8, 'test2', NULL, 0, '1505294017_581024.jpg', '2017-09-13 17:36:10', '2017-09-13 17:36:10'),
(38, 2, 109, 8, 'test2', NULL, 0, '1505294017_581024.jpg', '2017-09-13 17:36:10', '2017-09-13 17:36:10'),
(39, 2, 109, 8, 'test2', NULL, 0, '1505295389_281951.png', '2017-09-13 17:36:29', '2017-09-13 17:36:29'),
(40, 2, 110, 1, 'course test', NULL, 0, 'course1', '2017-09-15 09:54:11', '2017-09-15 09:54:11'),
(41, 2, 110, 1, 'course test', NULL, 0, 'course2', '2017-09-15 09:54:29', '2017-09-15 09:54:29'),
(42, 2, 110, 1, 'course test', NULL, 0, 'course3', '2017-09-15 09:56:14', '2017-09-15 09:56:14');

-- --------------------------------------------------------

--
-- Table structure for table `i18n`
--

CREATE TABLE `i18n` (
  `id` int(11) NOT NULL,
  `locale` varchar(6) NOT NULL,
  `model` varchar(255) NOT NULL,
  `foreign_key` int(10) NOT NULL,
  `field` varchar(255) NOT NULL,
  `content` text
) ENGINE=InnoDB DEFAULT CHARSET=latin1;

-- --------------------------------------------------------

--
-- Table structure for table `instructions`
--

CREATE TABLE `instructions` (
  `id` int(11) NOT NULL,
  `title` varchar(255) NOT NULL,
  `instruction` text,
  `created` datetime DEFAULT NULL,
  `modified` datetime DEFAULT NULL
) ENGINE=InnoDB DEFAULT CHARSET=latin1;

--
-- Dumping data for table `instructions`
--

INSERT INTO `instructions` (`id`, `title`, `instruction`, `created`, `modified`) VALUES
(1, '', 'Instruction test 1', '2017-04-22 06:01:44', '2017-04-22 08:52:14'),
(2, '', 'Instruction test 2', '2017-04-22 06:17:38', '2017-04-22 08:38:16'),
(3, '', 'Instruction test 3', '2017-04-22 08:14:07', '2017-04-22 08:38:45'),
(4, '', 'Instruction test 4', '2017-04-22 08:36:22', '2017-04-22 08:36:22'),
(5, '', 'Instruction test 5', '2017-04-22 08:56:13', '2017-04-22 08:56:13'),
(6, '', 'Instruction test 6', '2007-01-01 08:21:24', '2007-01-01 08:21:24');

-- --------------------------------------------------------

--
-- Table structure for table `locations`
--

CREATE TABLE `locations` (
  `id` int(11) NOT NULL,
  `city` varchar(255) NOT NULL,
  `created` datetime DEFAULT NULL,
  `modified` datetime DEFAULT NULL
) ENGINE=InnoDB DEFAULT CHARSET=latin1;

--
-- Dumping data for table `locations`
--

INSERT INTO `locations` (`id`, `city`, `created`, `modified`) VALUES
(1, 'Guagua', '2017-04-30 04:11:08', '2017-08-25 11:17:03'),
(2, 'Angeles', '2017-04-30 04:17:56', '2017-04-30 04:17:56'),
(3, 'San Fernando', '2017-04-30 04:21:14', '2017-04-30 04:21:14'),
(4, 'Bacolor', '2017-05-27 13:08:03', '2017-05-27 13:08:03');

-- --------------------------------------------------------

--
-- Table structure for table `questionlists`
--

CREATE TABLE `questionlists` (
  `id` int(11) NOT NULL,
  `userdetail_id` int(11) NOT NULL,
  `question_id` int(11) NOT NULL,
  `answer` varchar(255) NOT NULL,
  `created` datetime DEFAULT NULL,
  `modified` datetime DEFAULT NULL
) ENGINE=InnoDB DEFAULT CHARSET=latin1;

--
-- Dumping data for table `questionlists`
--

INSERT INTO `questionlists` (`id`, `userdetail_id`, `question_id`, `answer`, `created`, `modified`) VALUES
(171, 13, 15, 'fd', '2017-08-25 15:08:23', '2017-08-25 15:08:23'),
(172, 13, 24, '5152', '2017-08-25 15:08:23', '2017-08-25 15:08:23'),
(173, 13, 23, '122', '2017-08-25 15:08:23', '2017-08-25 15:08:23'),
(174, 13, 17, 'fds', '2017-08-25 15:08:23', '2017-08-25 15:08:23'),
(175, 13, 25, 'sdfg', '2017-08-25 15:08:24', '2017-08-25 15:08:24'),
(176, 13, 16, 'fdsfds', '2017-08-25 15:08:24', '2017-08-25 15:08:24'),
(177, 13, 18, 'ds', '2017-08-25 15:08:24', '2017-08-25 15:08:24'),
(178, 13, 20, 'ddd', '2017-08-25 15:08:24', '2017-08-25 15:08:24'),
(179, 13, 19, 'dasss', '2017-08-25 15:08:24', '2017-08-25 15:08:24'),
(180, 14, 42, 'test 1', '2017-08-28 15:16:29', '2017-08-28 15:16:29'),
(181, 14, 41, 'for choice 2', '2017-08-28 15:16:29', '2017-08-28 15:16:29'),
(182, 14, 44, 'True', '2017-08-28 15:16:29', '2017-08-28 15:16:29'),
(183, 14, 40, 'choice 1', '2017-08-28 15:16:29', '2017-08-28 15:16:29'),
(184, 14, 43, 'english 2nd choice 3', '2017-08-28 15:16:29', '2017-08-28 15:16:29'),
(185, 15, 42, 'test 2', '2017-08-28 15:57:28', '2017-08-28 15:57:28'),
(186, 15, 41, 'for choice 2', '2017-08-28 15:57:28', '2017-08-28 15:57:28'),
(187, 15, 40, 'choice 4', '2017-08-28 15:57:28', '2017-08-28 15:57:28'),
(188, 15, 43, 'english 2nd choice 2', '2017-08-28 15:57:28', '2017-08-28 15:57:28'),
(189, 15, 44, 'True', '2017-08-28 15:57:28', '2017-08-28 15:57:28'),
(190, 16, 60, 'eqq', '2017-08-29 15:26:40', '2017-08-29 15:26:40'),
(191, 16, 61, 'true', '2017-08-29 15:26:40', '2017-08-29 15:26:40'),
(192, 16, 58, 'das', '2017-08-29 15:26:40', '2017-08-29 15:26:40'),
(193, 16, 59, 'eqwe', '2017-08-29 15:26:40', '2017-08-29 15:26:40'),
(194, 17, 61, 'true', '2017-09-01 07:31:57', '2017-09-01 07:31:57'),
(195, 17, 58, 'das', '2017-09-01 07:31:57', '2017-09-01 07:31:57'),
(196, 17, 60, 'aads', '2017-09-01 07:31:57', '2017-09-01 07:31:57'),
(197, 17, 59, 'eqwe', '2017-09-01 07:31:57', '2017-09-01 07:31:57'),
(198, 17, 62, 'true', '2017-09-01 07:31:57', '2017-09-01 07:31:57'),
(199, 18, 61, 'No Answer', '2017-09-01 07:33:54', '2017-09-01 07:33:54'),
(200, 18, 60, 'No Answer', '2017-09-01 07:33:54', '2017-09-01 07:33:54'),
(201, 18, 58, 'No Answer', '2017-09-01 07:33:54', '2017-09-01 07:33:54'),
(202, 18, 59, 'No Answer', '2017-09-01 07:33:54', '2017-09-01 07:33:54'),
(203, 18, 62, 'No Answer', '2017-09-01 07:33:54', '2017-09-01 07:33:54'),
(204, 19, 61, 'false', '2017-09-02 13:00:24', '2017-09-02 13:00:24'),
(205, 19, 58, 'das', '2017-09-02 13:00:24', '2017-09-02 13:00:24'),
(206, 19, 60, 'eqq', '2017-09-02 13:00:24', '2017-09-02 13:00:24'),
(207, 19, 63, '5', '2017-09-02 13:00:24', '2017-09-02 13:00:24'),
(208, 19, 59, 'ee', '2017-09-02 13:00:24', '2017-09-02 13:00:24'),
(209, 19, 62, 'false', '2017-09-02 13:00:24', '2017-09-02 13:00:24'),
(210, 20, 63, 'No Answer', '2017-09-08 05:07:30', '2017-09-08 05:07:30'),
(211, 20, 61, 'No Answer', '2017-09-08 05:07:30', '2017-09-08 05:07:30'),
(212, 20, 58, 'No Answer', '2017-09-08 05:07:30', '2017-09-08 05:07:30'),
(213, 20, 60, 'No Answer', '2017-09-08 05:07:30', '2017-09-08 05:07:30'),
(214, 20, 59, 'No Answer', '2017-09-08 05:07:30', '2017-09-08 05:07:30'),
(215, 20, 62, 'No Answer', '2017-09-08 05:07:30', '2017-09-08 05:07:30'),
(216, 20, 58, 'das', '2017-09-13 18:17:14', '2017-09-13 18:17:14'),
(217, 20, 61, 'false', '2017-09-13 18:17:14', '2017-09-13 18:17:14'),
(218, 20, 108, '1505287996_171417.jpg', '2017-09-13 18:17:14', '2017-09-13 18:17:14'),
(219, 20, 109, '1505295389_281951.png', '2017-09-13 18:17:14', '2017-09-13 18:17:14'),
(220, 20, 60, 'wqeeqw', '2017-09-13 18:17:14', '2017-09-13 18:17:14'),
(221, 20, 63, '3', '2017-09-13 18:17:14', '2017-09-13 18:17:14'),
(222, 20, 59, 'wqee', '2017-09-13 18:17:14', '2017-09-13 18:17:14'),
(223, 20, 62, 'false', '2017-09-13 18:17:14', '2017-09-13 18:17:14'),
(224, 21, 108, '1505287996_171417.jpg', '2017-09-13 18:31:15', '2017-09-13 18:31:15'),
(225, 21, 61, 'false', '2017-09-13 18:31:15', '2017-09-13 18:31:15'),
(226, 21, 109, '1505294017_398376.jpg', '2017-09-13 18:31:16', '2017-09-13 18:31:16'),
(227, 21, 58, 'ssadffds', '2017-09-13 18:31:16', '2017-09-13 18:31:16'),
(228, 21, 60, 'qqeee', '2017-09-13 18:31:16', '2017-09-13 18:31:16'),
(229, 21, 63, '4', '2017-09-13 18:31:16', '2017-09-13 18:31:16'),
(230, 21, 59, 'wqee', '2017-09-13 18:31:16', '2017-09-13 18:31:16'),
(231, 21, 62, 'true', '2017-09-13 18:31:16', '2017-09-13 18:31:16'),
(232, 22, 60, 'eqq', '2017-09-15 09:17:31', '2017-09-15 09:17:31'),
(233, 22, 109, '1505295389_281951.png', '2017-09-15 09:17:31', '2017-09-15 09:17:31'),
(234, 22, 61, 'false', '2017-09-15 09:17:31', '2017-09-15 09:17:31'),
(235, 22, 58, 'das', '2017-09-15 09:17:31', '2017-09-15 09:17:31'),
(236, 22, 108, '1505293435_153839.jpg', '2017-09-15 09:17:31', '2017-09-15 09:17:31'),
(237, 22, 63, '5', '2017-09-15 09:17:31', '2017-09-15 09:17:31'),
(238, 22, 59, 'eqwee', '2017-09-15 09:17:31', '2017-09-15 09:17:31'),
(239, 22, 62, 'true', '2017-09-15 09:17:31', '2017-09-15 09:17:31');

-- --------------------------------------------------------

--
-- Table structure for table `questions`
--

CREATE TABLE `questions` (
  `id` int(11) NOT NULL,
  `user_id` int(11) DEFAULT NULL,
  `subject_id` int(11) NOT NULL,
  `question` text NOT NULL,
  `img` text,
  `sample` tinyint(1) DEFAULT '0',
  `answer` varchar(255) NOT NULL,
  `created` datetime DEFAULT NULL,
  `modified` datetime DEFAULT NULL
) ENGINE=InnoDB DEFAULT CHARSET=latin1;

--
-- Dumping data for table `questions`
--

INSERT INTO `questions` (`id`, `user_id`, `subject_id`, `question`, `img`, `sample`, `answer`, `created`, `modified`) VALUES
(58, 18, 8, 'aaaaa', NULL, 0, 'das', '2017-08-29 14:02:51', '2017-08-29 15:17:58'),
(59, 2, 1, 'aaaaaaaaa', NULL, 0, 'eqwee', '2017-08-29 14:04:28', '2017-09-13 17:00:13'),
(60, 18, 8, 'eeqw', NULL, 0, 'eqq', '2017-08-29 15:09:25', '2017-08-29 15:18:03'),
(61, 2, 8, 'edited question', '1503991093_403411.jpg', 0, 'false', '2017-08-29 15:16:45', '2017-09-01 07:22:30'),
(62, 2, 7, 'test for filipino', '1504221951_746459.png', 0, 'true', '2017-09-01 07:25:51', '2017-09-01 07:26:05'),
(63, 2, 8, '5 choices test', NULL, 0, '5', '2017-09-02 12:57:39', '2017-09-02 12:57:40'),
(108, 2, 8, 'tets', NULL, 0, '1505293435_153839.jpg', '2017-09-13 15:33:16', '2017-09-13 17:28:13'),
(109, 2, 8, 'test2', NULL, 0, '1505295389_281951.png', '2017-09-13 17:13:37', '2017-09-13 17:36:29'),
(110, 2, 1, 'course test', NULL, 0, 'course3', '2017-09-15 09:54:11', '2017-09-15 09:56:14');

-- --------------------------------------------------------

--
-- Table structure for table `schoollists`
--

CREATE TABLE `schoollists` (
  `id` int(11) NOT NULL,
  `userdetail_id` int(11) NOT NULL,
  `school_id` int(11) NOT NULL,
  `created` datetime DEFAULT NULL,
  `modified` datetime DEFAULT NULL
) ENGINE=InnoDB DEFAULT CHARSET=latin1;

--
-- Dumping data for table `schoollists`
--

INSERT INTO `schoollists` (`id`, `userdetail_id`, `school_id`, `created`, `modified`) VALUES
(67, 13, 1, '2017-08-25 15:08:23', '2017-08-25 15:08:23'),
(68, 13, 2, '2017-08-25 15:08:23', '2017-08-25 15:08:23'),
(69, 13, 3, '2017-08-25 15:08:23', '2017-08-25 15:08:23'),
(70, 14, 3, '2017-08-28 15:16:28', '2017-08-28 15:16:28'),
(71, 14, 1, '2017-08-28 15:16:28', '2017-08-28 15:16:28'),
(72, 14, 2, '2017-08-28 15:16:28', '2017-08-28 15:16:28'),
(73, 15, 3, '2017-08-28 15:57:27', '2017-08-28 15:57:27'),
(74, 15, 1, '2017-08-28 15:57:27', '2017-08-28 15:57:27'),
(75, 15, 2, '2017-08-28 15:57:27', '2017-08-28 15:57:27'),
(76, 16, 1, '2017-08-29 15:26:39', '2017-08-29 15:26:39'),
(77, 16, 2, '2017-08-29 15:26:39', '2017-08-29 15:26:39'),
(78, 16, 3, '2017-08-29 15:26:39', '2017-08-29 15:26:39'),
(79, 17, 3, '2017-09-01 07:31:56', '2017-09-01 07:31:56'),
(80, 17, 1, '2017-09-01 07:31:56', '2017-09-01 07:31:56'),
(81, 17, 2, '2017-09-01 07:31:56', '2017-09-01 07:31:56'),
(82, 18, 3, '2017-09-01 07:33:54', '2017-09-01 07:33:54'),
(83, 18, 1, '2017-09-01 07:33:54', '2017-09-01 07:33:54'),
(84, 18, 2, '2017-09-01 07:33:54', '2017-09-01 07:33:54'),
(85, 19, 1, '2017-09-02 13:00:24', '2017-09-02 13:00:24'),
(86, 19, 2, '2017-09-02 13:00:24', '2017-09-02 13:00:24'),
(87, 19, 3, '2017-09-02 13:00:24', '2017-09-02 13:00:24'),
(88, 20, 3, '2017-09-08 05:07:30', '2017-09-08 05:07:30'),
(89, 20, 1, '2017-09-08 05:07:30', '2017-09-08 05:07:30'),
(90, 20, 2, '2017-09-08 05:07:30', '2017-09-08 05:07:30'),
(91, 20, 3, '2017-09-13 18:17:14', '2017-09-13 18:17:14'),
(92, 20, 1, '2017-09-13 18:17:14', '2017-09-13 18:17:14'),
(93, 20, 2, '2017-09-13 18:17:14', '2017-09-13 18:17:14'),
(94, 21, 1, '2017-09-13 18:31:15', '2017-09-13 18:31:15'),
(95, 21, 2, '2017-09-13 18:31:15', '2017-09-13 18:31:15'),
(96, 21, 3, '2017-09-13 18:31:15', '2017-09-13 18:31:15'),
(97, 22, 3, '2017-09-15 09:17:30', '2017-09-15 09:17:30'),
(98, 22, 1, '2017-09-15 09:17:30', '2017-09-15 09:17:30'),
(99, 22, 2, '2017-09-15 09:17:30', '2017-09-15 09:17:30');

-- --------------------------------------------------------

--
-- Table structure for table `schools`
--

CREATE TABLE `schools` (
  `id` int(11) NOT NULL,
  `location_id` int(11) NOT NULL,
  `school` varchar(255) NOT NULL,
  `created` datetime DEFAULT NULL,
  `modified` datetime DEFAULT NULL
) ENGINE=InnoDB DEFAULT CHARSET=latin1;

--
-- Dumping data for table `schools`
--

INSERT INTO `schools` (`id`, `location_id`, `school`, `created`, `modified`) VALUES
(1, 2, 'Holy Angel University', '2017-04-30 06:07:28', '2017-08-25 11:23:03'),
(2, 2, 'Angeles University Foundation', '2017-04-30 06:42:20', '2017-04-30 07:02:12'),
(3, 4, 'Don Honorio Ventura Technological State University', '2017-05-27 13:08:33', '2017-05-27 13:08:33');

-- --------------------------------------------------------

--
-- Table structure for table `scorelists`
--

CREATE TABLE `scorelists` (
  `id` int(11) NOT NULL,
  `userdetail_id` int(11) NOT NULL,
  `subject_id` int(11) NOT NULL,
  `score` int(11) NOT NULL,
  `average` int(11) NOT NULL,
  `total` int(11) NOT NULL,
  `created` datetime DEFAULT NULL,
  `modified` datetime DEFAULT NULL
) ENGINE=InnoDB DEFAULT CHARSET=latin1;

--
-- Dumping data for table `scorelists`
--

INSERT INTO `scorelists` (`id`, `userdetail_id`, `subject_id`, `score`, `average`, `total`, `created`, `modified`) VALUES
(83, 13, 8, 1, 100, 1, '2017-08-25 15:08:23', '2017-08-25 15:08:23'),
(84, 13, 1, 2, 40, 5, '2017-08-25 15:08:23', '2017-08-25 15:08:23'),
(85, 13, 3, 0, 0, 1, '2017-08-25 15:08:23', '2017-08-25 15:08:23'),
(86, 13, 2, 0, 0, 2, '2017-08-25 15:08:23', '2017-08-25 15:08:23'),
(87, 14, 8, 1, 50, 2, '2017-08-28 15:16:28', '2017-08-28 15:16:28'),
(88, 14, 1, 1, 33, 3, '2017-08-28 15:16:28', '2017-08-28 15:16:28'),
(89, 15, 8, 2, 100, 2, '2017-08-28 15:57:28', '2017-08-28 15:57:28'),
(90, 15, 1, 3, 100, 3, '2017-08-28 15:57:28', '2017-08-28 15:57:28'),
(91, 16, 8, 3, 100, 3, '2017-08-29 15:26:39', '2017-08-29 15:26:39'),
(92, 16, 1, 1, 100, 1, '2017-08-29 15:26:39', '2017-08-29 15:26:39'),
(93, 17, 8, 1, 33, 3, '2017-09-01 07:31:57', '2017-09-01 07:31:57'),
(94, 17, 1, 1, 100, 1, '2017-09-01 07:31:57', '2017-09-01 07:31:57'),
(95, 17, 7, 1, 100, 1, '2017-09-01 07:31:57', '2017-09-01 07:31:57'),
(96, 18, 8, 0, 0, 3, '2017-09-01 07:33:54', '2017-09-01 07:33:54'),
(97, 18, 1, 0, 0, 1, '2017-09-01 07:33:54', '2017-09-01 07:33:54'),
(98, 18, 7, 0, 0, 1, '2017-09-01 07:33:54', '2017-09-01 07:33:54'),
(99, 19, 8, 4, 100, 4, '2017-09-02 13:00:24', '2017-09-02 13:00:24'),
(100, 19, 1, 0, 0, 1, '2017-09-02 13:00:24', '2017-09-02 13:00:24'),
(101, 19, 7, 0, 0, 1, '2017-09-02 13:00:24', '2017-09-02 13:00:24'),
(102, 20, 8, 0, 0, 4, '2017-09-08 05:07:30', '2017-09-08 05:07:30'),
(103, 20, 1, 0, 0, 1, '2017-09-08 05:07:30', '2017-09-08 05:07:30'),
(104, 20, 7, 0, 0, 1, '2017-09-08 05:07:30', '2017-09-08 05:07:30'),
(105, 20, 8, 3, 50, 6, '2017-09-13 18:17:14', '2017-09-13 18:17:14'),
(106, 20, 1, 0, 0, 1, '2017-09-13 18:17:14', '2017-09-13 18:17:14'),
(107, 20, 7, 0, 0, 1, '2017-09-13 18:17:14', '2017-09-13 18:17:14'),
(108, 21, 8, 1, 17, 6, '2017-09-13 18:31:15', '2017-09-13 18:31:15'),
(109, 21, 1, 0, 0, 1, '2017-09-13 18:31:15', '2017-09-13 18:31:15'),
(110, 21, 7, 1, 100, 1, '2017-09-13 18:31:15', '2017-09-13 18:31:15'),
(111, 22, 8, 6, 100, 6, '2017-09-15 09:17:31', '2017-09-15 09:17:31'),
(112, 22, 1, 1, 100, 1, '2017-09-15 09:17:31', '2017-09-15 09:17:31'),
(113, 22, 7, 1, 100, 1, '2017-09-15 09:17:31', '2017-09-15 09:17:31');

-- --------------------------------------------------------

--
-- Table structure for table `sessions`
--

CREATE TABLE `sessions` (
  `id` char(40) NOT NULL,
  `data` text,
  `expires` int(11) NOT NULL
) ENGINE=InnoDB DEFAULT CHARSET=latin1;

--
-- Dumping data for table `sessions`
--

INSERT INTO `sessions` (`id`, `data`, `expires`) VALUES
('csu48i1n60bsrc3040hhr5pef2', 'Config|a:1:{s:4:\"time\";i:1505300419;}Flash|a:0:{}Auth|a:1:{s:4:\"User\";a:8:{s:2:\"id\";i:2;s:11:\"location_id\";i:4;s:9:\"firstname\";s:10:\"superadmin\";s:8:\"lastname\";s:10:\"superadmin\";s:8:\"username\";s:10:\"superadmin\";s:4:\"type\";s:10:\"superadmin\";s:7:\"created\";O:20:\"Cake\\I18n\\FrozenTime\":3:{s:4:\"date\";s:26:\"2017-04-27 19:35:28.000000\";s:13:\"timezone_type\";i:3;s:8:\"timezone\";s:11:\"Asia/Manila\";}s:8:\"modified\";O:20:\"Cake\\I18n\\FrozenTime\":3:{s:4:\"date\";s:26:\"2017-08-25 11:47:32.000000\";s:13:\"timezone_type\";i:3;s:8:\"timezone\";s:11:\"Asia/Manila\";}}}', 1505301859),
('hm9qdancjjgiseqjs51d45nh87', 'Config|a:1:{s:4:\"time\";i:1505889509;}Flash|a:0:{}Auth|a:1:{s:4:\"User\";a:8:{s:2:\"id\";i:2;s:11:\"location_id\";i:4;s:9:\"firstname\";s:10:\"superadmin\";s:8:\"lastname\";s:10:\"superadmin\";s:8:\"username\";s:10:\"superadmin\";s:4:\"type\";s:10:\"superadmin\";s:7:\"created\";O:20:\"Cake\\I18n\\FrozenTime\":3:{s:4:\"date\";s:26:\"2017-04-27 19:35:28.000000\";s:13:\"timezone_type\";i:3;s:8:\"timezone\";s:11:\"Asia/Manila\";}s:8:\"modified\";O:20:\"Cake\\I18n\\FrozenTime\":3:{s:4:\"date\";s:26:\"2017-08-25 11:47:32.000000\";s:13:\"timezone_type\";i:3;s:8:\"timezone\";s:11:\"Asia/Manila\";}}}', 1505890950),
('k0sjvvijg2pg1gkvof73ia4kf5', 'Config|a:1:{s:4:\"time\";i:1504915579;}Flash|a:0:{}Auth|a:1:{s:4:\"User\";a:8:{s:2:\"id\";i:2;s:11:\"location_id\";i:4;s:9:\"firstname\";s:10:\"superadmin\";s:8:\"lastname\";s:10:\"superadmin\";s:8:\"username\";s:10:\"superadmin\";s:4:\"type\";s:10:\"superadmin\";s:7:\"created\";O:20:\"Cake\\I18n\\FrozenTime\":3:{s:4:\"date\";s:26:\"2017-04-27 19:35:28.000000\";s:13:\"timezone_type\";i:3;s:8:\"timezone\";s:11:\"Asia/Manila\";}s:8:\"modified\";O:20:\"Cake\\I18n\\FrozenTime\":3:{s:4:\"date\";s:26:\"2017-08-25 11:47:32.000000\";s:13:\"timezone_type\";i:3;s:8:\"timezone\";s:11:\"Asia/Manila\";}}}', 1504917019),
('uu8krpddfpsj0s93l6np2or447', 'Config|a:1:{s:4:\"time\";i:1505440577;}Flash|a:0:{}Auth|a:1:{s:4:\"User\";a:8:{s:2:\"id\";i:2;s:11:\"location_id\";i:4;s:9:\"firstname\";s:10:\"superadmin\";s:8:\"lastname\";s:10:\"superadmin\";s:8:\"username\";s:10:\"superadmin\";s:4:\"type\";s:10:\"superadmin\";s:7:\"created\";O:20:\"Cake\\I18n\\FrozenTime\":3:{s:4:\"date\";s:26:\"2017-04-27 19:35:28.000000\";s:13:\"timezone_type\";i:3;s:8:\"timezone\";s:11:\"Asia/Manila\";}s:8:\"modified\";O:20:\"Cake\\I18n\\FrozenTime\":3:{s:4:\"date\";s:26:\"2017-08-25 11:47:32.000000\";s:13:\"timezone_type\";i:3;s:8:\"timezone\";s:11:\"Asia/Manila\";}}}', 1505442019),
('vj5do941rkvdsl2u3i0sg0q0r4', 'Config|a:1:{s:4:\"time\";i:1505906943;}Flash|a:0:{}', 1505908383);

-- --------------------------------------------------------

--
-- Table structure for table `subjects`
--

CREATE TABLE `subjects` (
  `id` int(11) NOT NULL,
  `subject` varchar(255) NOT NULL,
  `created` datetime DEFAULT NULL,
  `modified` datetime DEFAULT NULL
) ENGINE=InnoDB DEFAULT CHARSET=latin1;

--
-- Dumping data for table `subjects`
--

INSERT INTO `subjects` (`id`, `subject`, `created`, `modified`) VALUES
(1, 'English', '2017-04-22 03:59:20', '2017-04-22 08:52:14'),
(2, 'Values', '2017-04-22 04:18:36', '2017-04-22 04:18:36'),
(3, 'Mathematics', '2017-04-22 04:19:33', '2017-04-22 04:19:33'),
(7, 'Filipino', '2017-04-22 04:25:50', '2017-04-22 04:25:50'),
(8, 'Araling Panlipunan', '2017-04-22 04:26:19', '2017-04-22 04:26:19'),
(9, 'MAPEH', '2017-04-22 04:26:38', '2017-04-22 04:26:38');

-- --------------------------------------------------------

--
-- Table structure for table `userdetails`
--

CREATE TABLE `userdetails` (
  `id` int(11) NOT NULL,
  `user_id` int(11) NOT NULL,
  `average` float DEFAULT NULL,
  `created` datetime DEFAULT NULL,
  `modified` datetime DEFAULT NULL
) ENGINE=InnoDB DEFAULT CHARSET=latin1;

--
-- Dumping data for table `userdetails`
--

INSERT INTO `userdetails` (`id`, `user_id`, `average`, `created`, `modified`) VALUES
(13, 17, 35, '2017-08-25 15:08:23', '2017-08-29 15:35:30'),
(14, 2, 42, '2017-08-28 15:16:27', '2017-08-29 15:35:31'),
(19, 17, 33, '2017-09-02 13:00:23', '2017-09-02 13:00:23'),
(21, 17, 39, '2017-09-13 18:31:14', '2017-09-13 18:31:14'),
(22, 2, 100, '2017-09-15 09:17:30', '2017-09-15 09:17:30');

-- --------------------------------------------------------

--
-- Table structure for table `users`
--

CREATE TABLE `users` (
  `id` int(11) NOT NULL,
  `location_id` int(11) DEFAULT NULL,
  `firstname` varchar(255) DEFAULT NULL,
  `lastname` varchar(255) DEFAULT NULL,
  `username` varchar(255) NOT NULL,
  `password` varchar(255) NOT NULL,
  `type` varchar(50) DEFAULT 'client',
  `created` datetime DEFAULT NULL,
  `modified` datetime DEFAULT NULL
) ENGINE=InnoDB DEFAULT CHARSET=latin1;

--
-- Dumping data for table `users`
--

INSERT INTO `users` (`id`, `location_id`, `firstname`, `lastname`, `username`, `password`, `type`, `created`, `modified`) VALUES
(2, 4, 'superadmin', 'superadmin', 'superadmin', '$2y$10$LpERdFC9146vZkc06fDSW.H8BXc1gPsyPEnQJnIGrnRHcnALKK4tO', 'superadmin', '2017-04-27 19:35:28', '2017-08-25 11:47:32'),
(16, 1, 'Juan', 'Dela Cruz', 'juan', '$2y$10$zMrUzsJm9Sbw39uf4F2co.Y4oAusYDpQj5eJnW81eeEUc0u9MQFBy', 'client', '2017-08-18 17:07:51', '2017-08-18 17:09:12'),
(17, 1, 'test', 'test', 'test', '$2y$10$HSn1nHvMRMMpZmhWxWEoZuMMBPcXR/hz4VzfZ.zwG6ghBojcl0V.6', 'client', '2017-08-18 17:40:13', '2017-08-18 17:40:13'),
(18, 2, 'admin firstname', 'admin1 lastname', 'admin1', '$2y$10$4ANLgvRor4cmLprWFuelwu3K5h7P9ALxpVCgNAGyJSUAEFopqfMXq', 'admin', '2017-08-18 18:00:40', '2017-08-29 14:06:36'),
(20, 1, 'admin2', 'admin2', 'admin2', '$2y$10$wD.n/mCYHRkEqsL/j3QDU.cD5E2REfcV/blJwQsR971WKsUgBNsP.', 'admin', '2017-08-18 18:22:56', '2017-08-18 18:22:56'),
(21, 1, 'fname', 'lname', 'admin3', '$2y$10$zQGhrb339OAgX9WEtPNv4.zeZf/tLq.J77WoGIhoa5UN9zmW/NZhu', 'client', '2017-08-25 11:51:23', '2017-08-25 11:51:23'),
(23, 3, 'admin4', 'admin4', 'admin4', '$2y$10$Mbgbdn2O2UjLgP.UxcHfseTXUsNW082EKIzTBUGW9OD9DwHdbafmi', 'admin', '2017-08-26 11:48:06', '2017-08-26 11:48:06');

--
-- Indexes for dumped tables
--

--
-- Indexes for table `choices`
--
ALTER TABLE `choices`
  ADD PRIMARY KEY (`id`);

--
-- Indexes for table `courselists`
--
ALTER TABLE `courselists`
  ADD PRIMARY KEY (`id`);

--
-- Indexes for table `courses`
--
ALTER TABLE `courses`
  ADD PRIMARY KEY (`id`);

--
-- Indexes for table `historychoices`
--
ALTER TABLE `historychoices`
  ADD PRIMARY KEY (`id`);

--
-- Indexes for table `historyquestions`
--
ALTER TABLE `historyquestions`
  ADD PRIMARY KEY (`id`);

--
-- Indexes for table `i18n`
--
ALTER TABLE `i18n`
  ADD PRIMARY KEY (`id`),
  ADD UNIQUE KEY `I18N_LOCALE_FIELD` (`locale`,`model`,`foreign_key`,`field`),
  ADD KEY `I18N_FIELD` (`model`,`foreign_key`,`field`);

--
-- Indexes for table `instructions`
--
ALTER TABLE `instructions`
  ADD PRIMARY KEY (`id`);

--
-- Indexes for table `locations`
--
ALTER TABLE `locations`
  ADD PRIMARY KEY (`id`);

--
-- Indexes for table `questionlists`
--
ALTER TABLE `questionlists`
  ADD PRIMARY KEY (`id`);

--
-- Indexes for table `questions`
--
ALTER TABLE `questions`
  ADD PRIMARY KEY (`id`);

--
-- Indexes for table `schoollists`
--
ALTER TABLE `schoollists`
  ADD PRIMARY KEY (`id`);

--
-- Indexes for table `schools`
--
ALTER TABLE `schools`
  ADD PRIMARY KEY (`id`);

--
-- Indexes for table `scorelists`
--
ALTER TABLE `scorelists`
  ADD PRIMARY KEY (`id`);

--
-- Indexes for table `sessions`
--
ALTER TABLE `sessions`
  ADD PRIMARY KEY (`id`);

--
-- Indexes for table `subjects`
--
ALTER TABLE `subjects`
  ADD PRIMARY KEY (`id`);

--
-- Indexes for table `userdetails`
--
ALTER TABLE `userdetails`
  ADD PRIMARY KEY (`id`);

--
-- Indexes for table `users`
--
ALTER TABLE `users`
  ADD PRIMARY KEY (`id`);

--
-- AUTO_INCREMENT for dumped tables
--

--
-- AUTO_INCREMENT for table `choices`
--
ALTER TABLE `choices`
  MODIFY `id` int(11) NOT NULL AUTO_INCREMENT, AUTO_INCREMENT=87;
--
-- AUTO_INCREMENT for table `courselists`
--
ALTER TABLE `courselists`
  MODIFY `id` int(11) NOT NULL AUTO_INCREMENT, AUTO_INCREMENT=16;
--
-- AUTO_INCREMENT for table `courses`
--
ALTER TABLE `courses`
  MODIFY `id` int(11) NOT NULL AUTO_INCREMENT, AUTO_INCREMENT=9;
--
-- AUTO_INCREMENT for table `historychoices`
--
ALTER TABLE `historychoices`
  MODIFY `id` int(11) NOT NULL AUTO_INCREMENT, AUTO_INCREMENT=125;
--
-- AUTO_INCREMENT for table `historyquestions`
--
ALTER TABLE `historyquestions`
  MODIFY `id` int(11) NOT NULL AUTO_INCREMENT, AUTO_INCREMENT=43;
--
-- AUTO_INCREMENT for table `i18n`
--
ALTER TABLE `i18n`
  MODIFY `id` int(11) NOT NULL AUTO_INCREMENT;
--
-- AUTO_INCREMENT for table `instructions`
--
ALTER TABLE `instructions`
  MODIFY `id` int(11) NOT NULL AUTO_INCREMENT, AUTO_INCREMENT=7;
--
-- AUTO_INCREMENT for table `locations`
--
ALTER TABLE `locations`
  MODIFY `id` int(11) NOT NULL AUTO_INCREMENT, AUTO_INCREMENT=5;
--
-- AUTO_INCREMENT for table `questionlists`
--
ALTER TABLE `questionlists`
  MODIFY `id` int(11) NOT NULL AUTO_INCREMENT, AUTO_INCREMENT=240;
--
-- AUTO_INCREMENT for table `questions`
--
ALTER TABLE `questions`
  MODIFY `id` int(11) NOT NULL AUTO_INCREMENT, AUTO_INCREMENT=111;
--
-- AUTO_INCREMENT for table `schoollists`
--
ALTER TABLE `schoollists`
  MODIFY `id` int(11) NOT NULL AUTO_INCREMENT, AUTO_INCREMENT=100;
--
-- AUTO_INCREMENT for table `schools`
--
ALTER TABLE `schools`
  MODIFY `id` int(11) NOT NULL AUTO_INCREMENT, AUTO_INCREMENT=4;
--
-- AUTO_INCREMENT for table `scorelists`
--
ALTER TABLE `scorelists`
  MODIFY `id` int(11) NOT NULL AUTO_INCREMENT, AUTO_INCREMENT=114;
--
-- AUTO_INCREMENT for table `subjects`
--
ALTER TABLE `subjects`
  MODIFY `id` int(11) NOT NULL AUTO_INCREMENT, AUTO_INCREMENT=10;
--
-- AUTO_INCREMENT for table `userdetails`
--
ALTER TABLE `userdetails`
  MODIFY `id` int(11) NOT NULL AUTO_INCREMENT, AUTO_INCREMENT=23;
--
-- AUTO_INCREMENT for table `users`
--
ALTER TABLE `users`
  MODIFY `id` int(11) NOT NULL AUTO_INCREMENT, AUTO_INCREMENT=24;
/*!40101 SET CHARACTER_SET_CLIENT=@OLD_CHARACTER_SET_CLIENT */;
/*!40101 SET CHARACTER_SET_RESULTS=@OLD_CHARACTER_SET_RESULTS */;
/*!40101 SET COLLATION_CONNECTION=@OLD_COLLATION_CONNECTION */;
